"user_name","real_name","email","role","uid"
"adorsk","Alex Dorsk","adorsk@whoi.edu","dla admin",2
"lraymond","Lisa Raymond","lraymond@whoi.edu","dla admin",3
"churter","Colleen Hurter","churter@whoi.edu","dla editor"," 4"
"adevenish","Ann Devenish","adevenish@whoi.edu","dla editor",5
"dsherman","Dave Sherman","dsherman@whoi.edu","dla editor",6
"elevy","Ellen Levy","elevy@whoi.edu","dla editor",7
"ecoburn","Liza Coburn","ecoburn@whoi.edu","dla admin",8
